# trace sidecar — artifact hashes, swept 2026-07-25T08:53:44.043659+00:00
# files=90 bytes=140911
# CAVEAT: a sweep is a snapshot. A file written and deleted between
# two sweeps is not counted here; byte totals are a lower bound.
origin	path	sha256	bytes	mtime_utc
molecule:cite-20260725-f92d	/Users/eserie/galaxies/firoozbakht-cleanroom/.cosmon/state/fleets/default/molecules/cite-20260725-f92d/briefing.md	8ff4e6909fd7474d34edabcdf70b38d92d02fb342508eb7206e12b725c5325a5	1756	2026-07-25T08:50:46.179929+00:00
molecule:cite-20260725-f92d	/Users/eserie/galaxies/firoozbakht-cleanroom/.cosmon/state/fleets/default/molecules/cite-20260725-f92d/log.md	6ed89d10fc7fb564e0b14b03fa6abcc34944056a2e08471285e2d54437e3c14f	110	2026-07-25T08:50:46.180029+00:00
molecule:cite-20260725-f92d	/Users/eserie/galaxies/firoozbakht-cleanroom/.cosmon/state/fleets/default/molecules/cite-20260725-f92d/prompt.md	e9ccc671d6fda5f322a73c5bb5ce6a320dce905c2294433e090519f0df261b12	2325	2026-07-25T08:50:46.179984+00:00
molecule:cite-20260725-f92d	/Users/eserie/galaxies/firoozbakht-cleanroom/.cosmon/state/fleets/default/molecules/cite-20260725-f92d/state.json	47359af2a7c953347e1f70a92b51645b03a30043bd61c21797f179b9058a177a	2028	2026-07-25T08:50:46.191034+00:00
molecule:delib-20260725-6b2f	/Users/eserie/galaxies/firoozbakht-cleanroom/.cosmon/state/fleets/default/molecules/delib-20260725-6b2f/briefing.md	6dcb4ce7672c9fcfa71c8b9ae31968ee88c43566d89f0b40cb9403fd9d64d5b0	4349	2026-07-25T08:50:45.994692+00:00
molecule:delib-20260725-6b2f	/Users/eserie/galaxies/firoozbakht-cleanroom/.cosmon/state/fleets/default/molecules/delib-20260725-6b2f/log.md	a59bc0f103a7832c0699681181061e35af7175f492ed7ff6814ba422517f29e5	114	2026-07-25T08:50:45.994826+00:00
molecule:delib-20260725-6b2f	/Users/eserie/galaxies/firoozbakht-cleanroom/.cosmon/state/fleets/default/molecules/delib-20260725-6b2f/prompt.md	f73ddd0272801999709ae3fa12b16b94641279927fb8046cb8642d891efed34d	3000	2026-07-25T08:50:45.994767+00:00
molecule:delib-20260725-6b2f	/Users/eserie/galaxies/firoozbakht-cleanroom/.cosmon/state/fleets/default/molecules/delib-20260725-6b2f/state.json	ff6d0e604c10a501fa07ea95e6ba6c46d572722a58f8a85412816dcf661ebd48	2369	2026-07-25T08:50:46.005149+00:00
molecule:edit-20260725-ba77	/Users/eserie/galaxies/firoozbakht-cleanroom/.cosmon/state/fleets/default/molecules/edit-20260725-ba77/briefing.md	3b1eaf6f7a176ab76b593de57dc297f4abe9fdd38e11ff9cce4fd070edad3a5a	1803	2026-07-25T08:50:46.169109+00:00
molecule:edit-20260725-ba77	/Users/eserie/galaxies/firoozbakht-cleanroom/.cosmon/state/fleets/default/molecules/edit-20260725-ba77/log.md	6ecf8c61239c0e09a0cdede55711b102c11209494bf5627269e70b908658c03b	110	2026-07-25T08:50:46.169228+00:00
molecule:edit-20260725-ba77	/Users/eserie/galaxies/firoozbakht-cleanroom/.cosmon/state/fleets/default/molecules/edit-20260725-ba77/prompt.md	cfe50f75d9f852d10bb89a06f9441652c41b682eb5e03aef56ee192d89f550ec	3167	2026-07-25T08:50:46.169170+00:00
molecule:edit-20260725-ba77	/Users/eserie/galaxies/firoozbakht-cleanroom/.cosmon/state/fleets/default/molecules/edit-20260725-ba77/state.json	260c6eb1a404d18a6f80e2a76b27f50202c1e5d9cc327c505aab584311c5d4c6	2448	2026-07-25T08:50:46.179744+00:00
molecule:mycelium-20260725-b2eb	/Users/eserie/galaxies/firoozbakht-cleanroom/.cosmon/state/fleets/default/molecules/mycelium-20260725-b2eb/briefing.md	17cc28d199e6064b80bd54c6cda84e898cceb393ecfd6f6566aa01d6b6347c83	992	2026-07-25T08:50:46.201521+00:00
molecule:mycelium-20260725-b2eb	/Users/eserie/galaxies/firoozbakht-cleanroom/.cosmon/state/fleets/default/molecules/mycelium-20260725-b2eb/log.md	43486855d8576ed1dccec6572ee1781e2243172aef14659c110cb7d47d240dd9	108	2026-07-25T08:50:46.201611+00:00
molecule:mycelium-20260725-b2eb	/Users/eserie/galaxies/firoozbakht-cleanroom/.cosmon/state/fleets/default/molecules/mycelium-20260725-b2eb/prompt.md	a4b19b013d43187dafb5eab6da8c4c00d11198ad500480e564c34edc257fdc84	1491	2026-07-25T08:50:46.201565+00:00
molecule:mycelium-20260725-b2eb	/Users/eserie/galaxies/firoozbakht-cleanroom/.cosmon/state/fleets/default/molecules/mycelium-20260725-b2eb/state.json	fb1b326b7a03578d77fb6edeffa42dfe50d756c3ac6dcbb06dbc3142104f67de	1540	2026-07-25T08:50:46.207019+00:00
molecule:reattack-20260725-9b49	/Users/eserie/galaxies/firoozbakht-cleanroom/.cosmon/state/fleets/default/molecules/reattack-20260725-9b49/briefing.md	9c89ddd9e4e97cda95c974b82fa3a5425e8bb66546f62468ea4a469a19ae2a73	13015	2026-07-25T08:50:46.134887+00:00
molecule:reattack-20260725-9b49	/Users/eserie/galaxies/firoozbakht-cleanroom/.cosmon/state/fleets/default/molecules/reattack-20260725-9b49/log.md	bd234cc007b2a9611744e844adae13998e2a1d417c16508d73e356c33f2701cb	120	2026-07-25T08:50:46.135047+00:00
molecule:reattack-20260725-9b49	/Users/eserie/galaxies/firoozbakht-cleanroom/.cosmon/state/fleets/default/molecules/reattack-20260725-9b49/prompt.md	dd07f457095b05e9e866ef33065c82c6ef087c0dbd2f929880d2e94e0afe18be	3207	2026-07-25T08:50:46.134969+00:00
molecule:reattack-20260725-9b49	/Users/eserie/galaxies/firoozbakht-cleanroom/.cosmon/state/fleets/default/molecules/reattack-20260725-9b49/state.json	a6d670a020778027a84d149f2b606ec3ce852a09e93e1babcc081d0e84a9f9f0	2571	2026-07-25T08:50:46.145947+00:00
molecule:review-20260725-70bb	/Users/eserie/galaxies/firoozbakht-cleanroom/.cosmon/state/fleets/default/molecules/review-20260725-70bb/briefing.md	65e090332a7243f2f9aec2954174fecc00d9eb494803a713cbb5216f1a5e28b8	3477	2026-07-25T08:50:46.191159+00:00
molecule:review-20260725-70bb	/Users/eserie/galaxies/firoozbakht-cleanroom/.cosmon/state/fleets/default/molecules/review-20260725-70bb/log.md	314bdc683c3df632d6899f6690b288f25351a6d5f31075268b8c93119433a3b4	109	2026-07-25T08:50:46.191271+00:00
molecule:review-20260725-70bb	/Users/eserie/galaxies/firoozbakht-cleanroom/.cosmon/state/fleets/default/molecules/review-20260725-70bb/prompt.md	0fd4ec5b9304cae3f10a7d21af94e58feda92c72002551a4b4ab2e5bff64cc37	2697	2026-07-25T08:50:46.191207+00:00
molecule:review-20260725-70bb	/Users/eserie/galaxies/firoozbakht-cleanroom/.cosmon/state/fleets/default/molecules/review-20260725-70bb/state.json	73df7e7f058e5d5e926119211811ded92846e17d148a3b7f9adc019936b28396	2217	2026-07-25T08:50:46.201403+00:00
molecule:task-20260725-15a0	/Users/eserie/galaxies/firoozbakht-cleanroom/.cosmon/state/fleets/default/molecules/task-20260725-15a0/briefing.md	e244e22faa3eae665ef627fdb67060f54592c6a70a8a02981a9f7b4177ccbdf5	610	2026-07-25T08:50:46.034834+00:00
molecule:task-20260725-15a0	/Users/eserie/galaxies/firoozbakht-cleanroom/.cosmon/state/fleets/default/molecules/task-20260725-15a0/log.md	7ed94ebe4f0bda59dae5bed21b8f029df22507c9bbca764bf939615cf33acb98	115	2026-07-25T08:50:46.034929+00:00
molecule:task-20260725-15a0	/Users/eserie/galaxies/firoozbakht-cleanroom/.cosmon/state/fleets/default/molecules/task-20260725-15a0/prompt.md	9fc0a6084a2b120ed0aaf7274182e6de01740f5ca16e912e7b9434588ffd7f18	2211	2026-07-25T08:50:46.034879+00:00
molecule:task-20260725-15a0	/Users/eserie/galaxies/firoozbakht-cleanroom/.cosmon/state/fleets/default/molecules/task-20260725-15a0/state.json	cf0582ff2436f68b745d80e7d6f05b552c527f4f63955b8f4a014c729c755d7c	1969	2026-07-25T08:50:46.088440+00:00
molecule:task-20260725-2876	/Users/eserie/galaxies/firoozbakht-cleanroom/.cosmon/state/fleets/default/molecules/task-20260725-2876/briefing.md	887b9d527138d7f61be072d1d6a733d57dade13b5fedc75bbcd2dca67b9c5b07	632	2026-07-25T08:50:45.984487+00:00
molecule:task-20260725-2876	/Users/eserie/galaxies/firoozbakht-cleanroom/.cosmon/state/fleets/default/molecules/task-20260725-2876/log.md	68f93e976bcbd6516424bda8f5ecd5695fa68e281c01f2a5a4506e7d738e574b	116	2026-07-25T08:50:45.984608+00:00
molecule:task-20260725-2876	/Users/eserie/galaxies/firoozbakht-cleanroom/.cosmon/state/fleets/default/molecules/task-20260725-2876/prompt.md	9e410c8a7839812da28f0d72f218f00e17f4e6a7d55aa7e0bf747d177cabb569	2939	2026-07-25T08:50:45.984549+00:00
molecule:task-20260725-2876	/Users/eserie/galaxies/firoozbakht-cleanroom/.cosmon/state/fleets/default/molecules/task-20260725-2876/state.json	71bfa37aedd3104ddd17d87d529521bb57d3f14f256fe7d2ac8ac07150d5b026	2547	2026-07-25T08:52:29.354861+00:00
molecule:task-20260725-2876	/Users/eserie/galaxies/firoozbakht-cleanroom/.cosmon/state/fleets/default/molecules/task-20260725-2876/worker.stderr	e3b0c44298fc1c149afbf4c8996fb92427ae41e4649b934ca495991b7852b855	0	2026-07-25T08:50:56.216787+00:00
molecule:task-20260725-287f	/Users/eserie/galaxies/firoozbakht-cleanroom/.cosmon/state/fleets/default/molecules/task-20260725-287f/briefing.md	5db5763514f558f25915bd9c6759fb8cd8592de50cdaaa39b4cdd682d0f65d00	610	2026-07-25T08:50:46.121979+00:00
molecule:task-20260725-287f	/Users/eserie/galaxies/firoozbakht-cleanroom/.cosmon/state/fleets/default/molecules/task-20260725-287f/log.md	d467580d230308f6aae4b392e6380f2f4f78b9a2807b13d96555ef4e1ed3ed7f	115	2026-07-25T08:50:46.122123+00:00
molecule:task-20260725-287f	/Users/eserie/galaxies/firoozbakht-cleanroom/.cosmon/state/fleets/default/molecules/task-20260725-287f/prompt.md	774a2d591b62fef7e9fb58c37a6681f2c6a60daa54f7ce02c55f02ab3a31ff91	2267	2026-07-25T08:50:46.122047+00:00
molecule:task-20260725-287f	/Users/eserie/galaxies/firoozbakht-cleanroom/.cosmon/state/fleets/default/molecules/task-20260725-287f/state.json	0ca8960eb629ae77eb80609f83e258d1581ec60e76879cd6ab9dd2d79552cceb	1997	2026-07-25T08:50:46.146112+00:00
molecule:task-20260725-7117	/Users/eserie/galaxies/firoozbakht-cleanroom/.cosmon/state/fleets/default/molecules/task-20260725-7117/briefing.md	233b292a7881547d845eaed3494bb00833d3f67d45566e3da9e0ca1fc496fca1	610	2026-07-25T08:50:46.025095+00:00
molecule:task-20260725-7117	/Users/eserie/galaxies/firoozbakht-cleanroom/.cosmon/state/fleets/default/molecules/task-20260725-7117/log.md	c72261aada64f8f6dfba0a952a0425c96dd9d0afdf8938d7a3e15bf251385228	115	2026-07-25T08:50:46.025176+00:00
molecule:task-20260725-7117	/Users/eserie/galaxies/firoozbakht-cleanroom/.cosmon/state/fleets/default/molecules/task-20260725-7117/prompt.md	98bb999e936004a95e66191790b3ec9ea2ed9a3e5e80c8205ee74b896e67ce80	2219	2026-07-25T08:50:46.025139+00:00
molecule:task-20260725-7117	/Users/eserie/galaxies/firoozbakht-cleanroom/.cosmon/state/fleets/default/molecules/task-20260725-7117/state.json	a530ca2def8a132c6b65bb4a41a50b87a1b3386cf6cc4532ad038dd38dc317f3	1973	2026-07-25T08:50:46.088279+00:00
molecule:task-20260725-9a41	/Users/eserie/galaxies/firoozbakht-cleanroom/.cosmon/state/fleets/default/molecules/task-20260725-9a41/briefing.md	a60a7d5c393d8e39138f4fda3a29edcfb707f21e2a40380c7fb47f1ca64382d3	644	2026-07-25T08:50:46.157554+00:00
molecule:task-20260725-9a41	/Users/eserie/galaxies/firoozbakht-cleanroom/.cosmon/state/fleets/default/molecules/task-20260725-9a41/log.md	c4261a58ccfde5996232c7ef808a1198bd6e8f7da07ac27f5dc29101c3b2d168	111	2026-07-25T08:50:46.157657+00:00
molecule:task-20260725-9a41	/Users/eserie/galaxies/firoozbakht-cleanroom/.cosmon/state/fleets/default/molecules/task-20260725-9a41/prompt.md	d59b1477257adedd520e0e32fc9e74a882f33878ed47edb41f06c7d926da5d0d	3165	2026-07-25T08:50:46.157603+00:00
molecule:task-20260725-9a41	/Users/eserie/galaxies/firoozbakht-cleanroom/.cosmon/state/fleets/default/molecules/task-20260725-9a41/state.json	887ac30d929f0d9b14b2ab2799b61556e8c54d9f42fd2495c897cfa38469f0c2	2446	2026-07-25T08:50:46.168989+00:00
molecule:task-20260725-9fc0	/Users/eserie/galaxies/firoozbakht-cleanroom/.cosmon/state/fleets/default/molecules/task-20260725-9fc0/briefing.md	d9f67411dd2f8fbffa310b86e1880b8fc884dcccbd98b59fd0e3afb3192d07f7	610	2026-07-25T08:50:45.973230+00:00
molecule:task-20260725-9fc0	/Users/eserie/galaxies/firoozbakht-cleanroom/.cosmon/state/fleets/default/molecules/task-20260725-9fc0/log.md	f859132fc3661c27d1bbf5c8781e4ebcd4f15ccfe1e455518f1355506ca6405f	115	2026-07-25T08:50:45.973339+00:00
molecule:task-20260725-9fc0	/Users/eserie/galaxies/firoozbakht-cleanroom/.cosmon/state/fleets/default/molecules/task-20260725-9fc0/prompt.md	43e365018e3f9d4c803d3ab50c57df1c6d7fdf9567d9f0face01a628554094ac	2901	2026-07-25T08:50:45.973292+00:00
molecule:task-20260725-9fc0	/Users/eserie/galaxies/firoozbakht-cleanroom/.cosmon/state/fleets/default/molecules/task-20260725-9fc0/state.json	0431355355f5c8ca1b4b09422b2ecaeaf75b8bb54f0a5ba473af9624703dd41b	2238	2026-07-25T08:50:45.994561+00:00
molecule:task-20260725-9fc0	/Users/eserie/galaxies/firoozbakht-cleanroom/.cosmon/state/fleets/default/molecules/task-20260725-9fc0/worker.stderr	e3b0c44298fc1c149afbf4c8996fb92427ae41e4649b934ca495991b7852b855	0	2026-07-25T08:52:29.463319+00:00
molecule:task-20260725-c210	/Users/eserie/galaxies/firoozbakht-cleanroom/.cosmon/state/fleets/default/molecules/task-20260725-c210/briefing.md	162547c486b0b0e9aeaadae2b7fc41316c88c62274f970268f76147086736799	632	2026-07-25T08:50:46.146224+00:00
molecule:task-20260725-c210	/Users/eserie/galaxies/firoozbakht-cleanroom/.cosmon/state/fleets/default/molecules/task-20260725-c210/log.md	489a2ea2a63d7901e0a4a46d1fc3a3316f579cd7506330ec0c48ea9b0e121038	116	2026-07-25T08:50:46.146366+00:00
molecule:task-20260725-c210	/Users/eserie/galaxies/firoozbakht-cleanroom/.cosmon/state/fleets/default/molecules/task-20260725-c210/prompt.md	52b39afb713caedc93376c0eea338a521cd95b65659ab2b63c24a046da937537	3797	2026-07-25T08:50:46.146290+00:00
molecule:task-20260725-c210	/Users/eserie/galaxies/firoozbakht-cleanroom/.cosmon/state/fleets/default/molecules/task-20260725-c210/state.json	94349f3e0a2bdd1868d97077dc7014937a5b19db38b1f9188d53e553b9f2a089	2843	2026-07-25T08:50:46.157408+00:00
molecule:task-20260725-c4aa	/Users/eserie/galaxies/firoozbakht-cleanroom/.cosmon/state/fleets/default/molecules/task-20260725-c4aa/briefing.md	96e088716ca699b8c0baea6e88ca562417161007e8bb659ddac0a142e39b7db9	644	2026-07-25T08:50:46.014836+00:00
molecule:task-20260725-c4aa	/Users/eserie/galaxies/firoozbakht-cleanroom/.cosmon/state/fleets/default/molecules/task-20260725-c4aa/log.md	fdc6bb8b129fcb72d4218d76febd851e5f7ee988a2a8bf0d16e43190421f1822	111	2026-07-25T08:50:46.014927+00:00
molecule:task-20260725-c4aa	/Users/eserie/galaxies/firoozbakht-cleanroom/.cosmon/state/fleets/default/molecules/task-20260725-c4aa/prompt.md	9a2fb4aadad5a97ca40f47e71f58372a5e2abdc54ceaed2bb23d723ae0ea635d	2117	2026-07-25T08:50:46.014884+00:00
molecule:task-20260725-c4aa	/Users/eserie/galaxies/firoozbakht-cleanroom/.cosmon/state/fleets/default/molecules/task-20260725-c4aa/state.json	15dd595bcc71b99df7511bd86273db9338449f098d37578fc89b70bf19e1fd38	2360	2026-07-25T08:50:46.099855+00:00
molecule:task-20260725-c8c0	/Users/eserie/galaxies/firoozbakht-cleanroom/.cosmon/state/fleets/default/molecules/task-20260725-c8c0/briefing.md	c7ac2e3d3a9f8b371472045fdf6f5015884364be829a22faccc84d74e2dc772f	644	2026-07-25T08:50:46.110336+00:00
molecule:task-20260725-c8c0	/Users/eserie/galaxies/firoozbakht-cleanroom/.cosmon/state/fleets/default/molecules/task-20260725-c8c0/log.md	c65e30671959fa7e8dce178d62868230b9a32dafbfe07e831deac793928e36d6	111	2026-07-25T08:50:46.110535+00:00
molecule:task-20260725-c8c0	/Users/eserie/galaxies/firoozbakht-cleanroom/.cosmon/state/fleets/default/molecules/task-20260725-c8c0/prompt.md	d6f47501d9ad4e6072f00d28fd93e4f32864d61fc51bd3f1eaf757703aaf3a9f	2085	2026-07-25T08:50:46.110386+00:00
molecule:task-20260725-c8c0	/Users/eserie/galaxies/firoozbakht-cleanroom/.cosmon/state/fleets/default/molecules/task-20260725-c8c0/state.json	fabcbdd5f89f4ed8be8af8c67365f8d991460ada9f5a2695e203c132c2a65b1a	1910	2026-07-25T08:50:46.134431+00:00
molecule:task-20260725-c959	/Users/eserie/galaxies/firoozbakht-cleanroom/.cosmon/state/fleets/default/molecules/task-20260725-c959/briefing.md	d09b2f36d1f335d104e357d008fb38b2064ff5f012fd2679f418ac2545cb7428	644	2026-07-25T08:50:46.005277+00:00
molecule:task-20260725-c959	/Users/eserie/galaxies/firoozbakht-cleanroom/.cosmon/state/fleets/default/molecules/task-20260725-c959/log.md	82943b1f646807b3c4f8e575aa45360a8089518204a57a2dd256eaee355323f7	111	2026-07-25T08:50:46.005378+00:00
molecule:task-20260725-c959	/Users/eserie/galaxies/firoozbakht-cleanroom/.cosmon/state/fleets/default/molecules/task-20260725-c959/prompt.md	0b1d0dafa1e71c9255473c4f4bb8d4963aca679e60ec1959226f9bb7fbbb5ee0	2727	2026-07-25T08:50:46.005337+00:00
molecule:task-20260725-c959	/Users/eserie/galaxies/firoozbakht-cleanroom/.cosmon/state/fleets/default/molecules/task-20260725-c959/state.json	d2c8892bb3ef8ad438534c888fb3b548b254d45a555550b9fe61b28a640fa29c	2228	2026-07-25T08:50:46.014708+00:00
molecule:task-20260725-ce78	/Users/eserie/galaxies/firoozbakht-cleanroom/.cosmon/state/fleets/default/molecules/task-20260725-ce78/briefing.md	06d4677b7534d6dc0e2274c696d85926aba66ecd240388d6bad7439301fbde98	610	2026-07-25T08:50:46.089165+00:00
molecule:task-20260725-ce78	/Users/eserie/galaxies/firoozbakht-cleanroom/.cosmon/state/fleets/default/molecules/task-20260725-ce78/log.md	8cc84f0335ecfad4166e3d5a8b9601da00d1b2158bf227cbf487b08b129f775f	115	2026-07-25T08:50:46.089267+00:00
molecule:task-20260725-ce78	/Users/eserie/galaxies/firoozbakht-cleanroom/.cosmon/state/fleets/default/molecules/task-20260725-ce78/prompt.md	e935e7cbd32105f0acfd1a0417eb43c08b89cc332cacb13eae00bd85537986f4	2197	2026-07-25T08:50:46.089226+00:00
molecule:task-20260725-ce78	/Users/eserie/galaxies/firoozbakht-cleanroom/.cosmon/state/fleets/default/molecules/task-20260725-ce78/state.json	e5486657b4dd2d561d7e486508c6dab11213f0383318f0b0cc40eeca95a75c4b	2351	2026-07-25T08:50:46.134259+00:00
molecule:task-20260725-d9f1	/Users/eserie/galaxies/firoozbakht-cleanroom/.cosmon/state/fleets/default/molecules/task-20260725-d9f1/briefing.md	a7dc83ec370e164fbf9996367d6bd67ab05b4c3d462a883768e241470b2743cb	644	2026-07-25T08:50:46.100033+00:00
molecule:task-20260725-d9f1	/Users/eserie/galaxies/firoozbakht-cleanroom/.cosmon/state/fleets/default/molecules/task-20260725-d9f1/log.md	44717df92d7bc3c8084ce15d12ef7f1e7ea9c1a848cc99bd07951aec3a35207e	111	2026-07-25T08:50:46.100184+00:00
molecule:task-20260725-d9f1	/Users/eserie/galaxies/firoozbakht-cleanroom/.cosmon/state/fleets/default/molecules/task-20260725-d9f1/prompt.md	73f3027252b80ef223f63656330bc349e5f7a2d2331198717214fa274b93d31b	2231	2026-07-25T08:50:46.100111+00:00
molecule:task-20260725-d9f1	/Users/eserie/galaxies/firoozbakht-cleanroom/.cosmon/state/fleets/default/molecules/task-20260725-d9f1/state.json	e9db8ca8313e90631b25d4fdcda6397411a33200dbedaa97c71dd52ecd6b4532	2052	2026-07-25T08:50:46.121867+00:00
molecule:task-20260725-ddb0	/Users/eserie/galaxies/firoozbakht-cleanroom/.cosmon/state/fleets/default/molecules/task-20260725-ddb0/briefing.md	b324abe78c02390d752db22157942fbd4eb6cf09c8f5f586095e239fb23506c9	610	2026-07-25T08:50:46.045221+00:00
molecule:task-20260725-ddb0	/Users/eserie/galaxies/firoozbakht-cleanroom/.cosmon/state/fleets/default/molecules/task-20260725-ddb0/log.md	1906c8c40bb1398725fb2bdc93a6927df6046a6ad4bcadadcfb9a8bfdf8901a4	115	2026-07-25T08:50:46.045374+00:00
molecule:task-20260725-ddb0	/Users/eserie/galaxies/firoozbakht-cleanroom/.cosmon/state/fleets/default/molecules/task-20260725-ddb0/prompt.md	bf7f69580199ce62f24187505dc831c87b75998ed06a0c0f2ab25e1825daeef6	2227	2026-07-25T08:50:46.045275+00:00
molecule:task-20260725-ddb0	/Users/eserie/galaxies/firoozbakht-cleanroom/.cosmon/state/fleets/default/molecules/task-20260725-ddb0/state.json	5df4eabf4c70b0399c9da1f870867fd7480ce93adde7c3ba396a8aecbfd642bc	1977	2026-07-25T08:50:46.088595+00:00
molecule:task-20260725-e0bc	/Users/eserie/galaxies/firoozbakht-cleanroom/.cosmon/state/fleets/default/molecules/task-20260725-e0bc/briefing.md	b13491fdcd679da7f9217f961fa6b28956aee31115a516331c21a1f7398f8618	644	2026-07-25T08:50:46.077973+00:00
molecule:task-20260725-e0bc	/Users/eserie/galaxies/firoozbakht-cleanroom/.cosmon/state/fleets/default/molecules/task-20260725-e0bc/log.md	240edb2cec22f6a725f85005eaf58346bfdb9c131488b4b0bc231b120e96dcbf	111	2026-07-25T08:50:46.078091+00:00
molecule:task-20260725-e0bc	/Users/eserie/galaxies/firoozbakht-cleanroom/.cosmon/state/fleets/default/molecules/task-20260725-e0bc/prompt.md	8b70692bf7de45c311d222672572b38c32a299f1f8df5bef3b23b531f2f699da	2091	2026-07-25T08:50:46.078034+00:00
molecule:task-20260725-e0bc	/Users/eserie/galaxies/firoozbakht-cleanroom/.cosmon/state/fleets/default/molecules/task-20260725-e0bc/state.json	c58daad3de1fa08a408534377103d45768cdcdb45deabcbea5d75acdf4227414	1909	2026-07-25T08:50:46.089017+00:00
molecule:task-20260725-f510	/Users/eserie/galaxies/firoozbakht-cleanroom/.cosmon/state/fleets/default/molecules/task-20260725-f510/briefing.md	548b31633b9207b2a6350b2ebb77d1c9f879b6f474af3ac577f1833592f1e200	644	2026-07-25T08:50:46.055741+00:00
molecule:task-20260725-f510	/Users/eserie/galaxies/firoozbakht-cleanroom/.cosmon/state/fleets/default/molecules/task-20260725-f510/log.md	6ec1e720d283fc422cd6321f7d174da7be7567bc0cbb0ff073bbb72d2f04d914	111	2026-07-25T08:50:46.055822+00:00
molecule:task-20260725-f510	/Users/eserie/galaxies/firoozbakht-cleanroom/.cosmon/state/fleets/default/molecules/task-20260725-f510/prompt.md	a92319c60e3950d6fd4d54bbfc4a549e91733da541ceecd7773fe0597de9e5f9	2075	2026-07-25T08:50:46.055783+00:00
molecule:task-20260725-f510	/Users/eserie/galaxies/firoozbakht-cleanroom/.cosmon/state/fleets/default/molecules/task-20260725-f510/state.json	45199d6de4b8b9d1a717391a186c7159b0c220a9fb64d2a70b46ddd360b0381d	1901	2026-07-25T08:50:46.088738+00:00
molecule:task-20260725-ff00	/Users/eserie/galaxies/firoozbakht-cleanroom/.cosmon/state/fleets/default/molecules/task-20260725-ff00/briefing.md	d83bc4728f92509084721b2fd2b5a1753a436b575653246859ee6656562ad6fc	644	2026-07-25T08:50:46.066485+00:00
molecule:task-20260725-ff00	/Users/eserie/galaxies/firoozbakht-cleanroom/.cosmon/state/fleets/default/molecules/task-20260725-ff00/log.md	5b6feaad5abf3142e17d4c3342bb0cb0ba885b5d1573dfe70193facdc9e2c76a	111	2026-07-25T08:50:46.066611+00:00
molecule:task-20260725-ff00	/Users/eserie/galaxies/firoozbakht-cleanroom/.cosmon/state/fleets/default/molecules/task-20260725-ff00/prompt.md	f789f09dc0691040f8e10384f6490b4aa0e65a5b16758f0add35be0ff5f29dd1	2059	2026-07-25T08:50:46.066550+00:00
molecule:task-20260725-ff00	/Users/eserie/galaxies/firoozbakht-cleanroom/.cosmon/state/fleets/default/molecules/task-20260725-ff00/state.json	c2ceec02943dd91b90bcbec29b4c97cc7dddadfcb4f1a08e252a86c4badf6c5b	1893	2026-07-25T08:50:46.088876+00:00
